Ainyx,Technology,jnoe0@hibu.com,162-988-4684,Joann Noe,Japan,Sasaguri,27110 Monica Pass,1
Wikivu,n/a,bmanicomb1@purevolume.com,846-548-6400,Bettye Manicomb,Uruguay,San Ramón,92 Tony Place,2
Gigaclub,Health Care,dtroker2@time.com,271-440-4381,Dacie Troker,Pakistan,Kalāt,31 Vernon Point,3
Voonyx,Capital Goods,kcornehl3@nyu.edu,104-586-5672,Karoline Cornehl,Colombia,Amalfi,087 Bonner Pass,4
Eimbee,n/a,agasson4@hostgator.com,563-148-4508,Avigdor Gasson,Pakistan,Bhakkar,46955 Linden Road,5
Dynabox,Technology,wkupisz5@gnu.org,527-586-8337,Welbie Kupisz,South Africa,Vrede,2687 Esker Alley,6
Eare,n/a,marchley6@amazon.co.uk,871-571-2449,Milton Archley,Greece,Yiánnouli,5 Brown Terrace,7
Mynte Bis,Consumer Non-Durables,fbrigg7@acquirethisname.com,854-706-7551,Flory Brigg,Russia,Russkiy,2002 Sugar Place,8
Realpoint,Consumer Services,ratwool8@nhs.uk,279-818-9252,Ryley Atwool,Croatia,Varaždin,10 Cody Pass,9
Yotz,Technology,jtwinbrow9@prlog.org,173-702-2074,Julius Twinbrow,China,Maodao,2924 Magdeline Avenue,10
Podcat,Finance,bsalvatorea@devhub.com,596-557-0580,Barb Salvatore,Indonesia,Oenpeotnai,188 Morning Alley,11
Layo,Transportation,dlewensb@clickbank.net,874-932-5863,Danila Lewens,China,Qitan,8205 Jackson Point,12
Skivee,Health Care,nspeechlyc@creativecommons.org,662-621-2683,Noelyn Speechly,Bangladesh,Sherpur,4376 Homewood Park,13
Wordify,Consumer Services,ghainningd@princeton.edu,136-412-9844,Geri Hainning,Indonesia,Rendeng,57 Hooker Park,14
Reallinks,Consumer Services,jdurrette@trellian.com,552-726-3523,Jess Durrett,China,Mabu,5 Beilfuss Park,15
Flashset,Health Care,cjahnkef@foxnews.com,457-573-1792,Colleen Jahnke,Yemen,Mabyan,55 Oneill Way,16
LiveZ,Consumer Services,omaskelyneg@elegantthemes.com,614-116-8918,Oliy Maskelyne,Ukraine,Spas’ke,19727 Menomonie Crossing,17
Edgeify,Transportation,dgeeraerth@princeton.edu,229-878-0151,Devinne Geeraert,United States,Lawrenceville,53 Veith Plaza,18
Wikizz,Public Utilities,bfurmagieri@typepad.com,869-813-5591,Boony Furmagier,China,Hudong,460 Buhler Terrace,19
Jabbersphere,Technology,plidgatej@wikispaces.com,559-328-8183,Pavla Lidgate,Russia,Nyagan,8997 8th Alley,20
Skyba,Finance,bhoulthamk@toplist.cz,287-143-1007,Britteny Houltham,Philippines,Basiao,01178 Granby Circle,21
Topiczoom,Public Utilities,asedwickl@wikispaces.com,863-345-0574,Andrew Sedwick,South Africa,Willowmore,56660 Jenifer Place,22
Skaboo,Miscellaneous,gubachm@forbes.com,692-399-1684,Giraldo Ubach,China,Yongfeng,77 Merry Lane,23
Blogpad,Basic Industries,smillinn@theglobeandmail.com,552-842-0426,Sile Millin,China,Xunzhong,59673 Bluestem Drive,24
Tazzy,Energy,izealandero@earthlink.net,579-373-7912,Idelle Zealander,Philippines,San Nicolas,706 Homewood Avenue,25
Wordtune,Consumer Services,sskillingp@reddit.com,683-149-0047,Stanfield Skilling,Mongolia,Talshand,1 Stone Corner Point,26
Topicstorm Bis,Consumer Services,kpebworthq@scribd.com,638-872-8269,Kelci Pebworth,Portugal,Tabuaço,692 Michigan Parkway,27
Quimm,Capital Goods,einger@mashable.com,802-421-0739,Emmalyn Inge,Sweden,Täby,26 Mariners Cove Center,28
Ailane,Technology,otworts@bbc.co.uk,574-341-2553,Olympia Twort,China,Chenggang,2167 Susan Way,29
Yamia,Technology,plet@omniture.com,663-396-6640,Pietro Le Jean,Japan,Ikedachō,058 Fuller Point,30
Jaloo,Consumer Services,lretteru@google.pl,816-130-2225,Leta Retter,Indonesia,Sayang Lauq,80 Mandrake Way,31
Yakijo,n/a,cwalkdenv@netscape.com,338-212-1381,Conroy Walkden,China,Xinmen,5 Division Terrace,32
Feedfire,Technology,rionnw@epa.gov,841-655-1850,Robert Ionn,Bolivia,San Julian,619 Hermina Parkway,33
Livetube Bis,n/a,ddraiseyx@addthis.com,159-997-6459,Douglas Draisey,Ukraine,Zhovti Vody,26616 Twin Pines Crossing,34
Centimia,Consumer Services,mangelly@miitbeian.gov.cn,669-336-2334,Mandie Angell,China,Guancangping,9768 Larry Center,35
Eazzy,Consumer Non-Durables,llodingz@jigsy.com,903-564-3199,Laetitia Loding,China,Dayou,34503 Wayridge Place,36
Mynte,Finance,fbrien10@webmd.com,565-270-8955,Faunie Brien,China,Chenyang,89 Hagan Way,37
Gigazoom,Public Utilities,dfeare11@businessinsider.com,312-935-7375,Desmond Feare,China,Duli,818 Texas Circle,38
Midel Bis,n/a,knewdick12@meetup.com,145-321-9564,Kipp Newdick,Uganda,Njeru,6185 Leroy Way,39
Meetz,n/a,dschwaiger13@unblog.fr,739-350-8442,Dione Schwaiger,Ivory Coast,Agnibilékrou,27 Stephen Hill,40
Bluezoom,Consumer Non-Durables,astangoe14@google.com.br,552-948-9173,Alister Stangoe,China,Xinlin,73893 Northview Trail,41
Innotype,n/a,pbirkby15@boston.com,126-298-0385,Perkin Birkby,China,Huilong,76738 6th Street,42
Katz,Finance,kmenego16@purevolume.com,195-578-5237,Kiley Menego,China,Guojiazhuang,22557 Village Green Place,43
Zooxo,Energy,cfirpi17@hatena.ne.jp,545-642-9633,Cyrillus Firpi,China,Jianfeng,7 Haas Road,44
Devcast,n/a,awestmarland18@techcrunch.com,569-190-2279,Aylmer Westmarland,Mexico,Independencia,86 Ridgeway Drive,45
Vinder,n/a,ktwiggs19@washingtonpost.com,423-461-1570,Kristine Twiggs,Indonesia,Babakan,7 Starling Lane,46
Midel,Technology,mhirthe1a@slate.com,644-790-0348,Marlena Hirthe,Indonesia,Lhoknga,0492 Fallview Lane,47
Brainverse,n/a,aleverette1b@histats.com,107-212-8437,Arlinda Leverette,China,Qingxi,8 Butterfield Alley,48
Twimbo,Technology,ccheng1c@sfgate.com,494-321-5369,Celine Cheng,Colombia,Pitalito,1 Hansons Plaza,49
Topicshots,Consumer Services,zbrute1d@typepad.com,170-321-6464,Zolly Brute,Greece,Aravissós,481 Farwell Parkway,50
Wikido,Consumer Durables,shenfre1e@surveymonkey.com,604-941-5203,Silvain Henfre,France,Vandœuvre-lès-Nancy,833 Stephen Plaza,51
Thoughtbeat,Health Care,flakenton1f@apple.com,184-693-7789,Filbert Lakenton,China,Lingda,6 Browning Way,52
Twitterbeat,Basic Industries,svasyukhnov1g@cdc.gov,187-182-3019,Stanislaw Vasyukhnov,Indonesia,Kenyau,16019 Shoshone Road,53
Edgetag Bis,Miscellaneous,bsporle1h@paypal.com,825-995-0306,Bridgette Sporle,Sudan,Rabak,43966 Little Fleur Plaza,54
Fadeo,Public Utilities,hyedall1i@xrea.com,300-411-2756,Husein Yedall,Japan,Annaka,3 Hauk Crossing,55
Cogilith,n/a,kflanne1j@discovery.com,136-816-0926,Karola Flanne,China,Yangchun,978 Sycamore Avenue,56
Realmix,Consumer Non-Durables,jde1k@cmu.edu,484-516-1504,Jo-ann De Haven,Moldova,Floreşti,1 Fordem Point,57
Browseblab,n/a,mgingle1l@chron.com,967-622-3225,Mike Gingle,Nigeria,Umunede,4 Anthes Alley,58
Avavee,n/a,ckiera1m@cyberchimps.com,965-839-8253,Conroy Kiera,Philippines,Sumilao,2967 Atwood Terrace,59
Livetube,Finance,ehanselmann1n@umich.edu,409-404-4727,Esdras Hanselmann,Mongolia,Nuga,5574 Karstens Plaza,60
Dynava,n/a,lgribben1o@wired.com,874-629-1789,Lynea Gribben,Russia,Businovo,43875 Delladonna Plaza,61
Edgetag,Health Care,jtribble1p@illinois.edu,374-550-3271,Jason Tribble,Colombia,Alcalá,7 Tony Park,62
Tagfeed,n/a,nhenrie1q@deviantart.com,928-518-8360,Natassia Henrie,Indonesia,Sidokumpul,27 Bashford Alley,63
Realblab,Consumer Non-Durables,jhamelyn1r@altervista.org,187-307-5903,Jorge Hamelyn,China,Aimin,474 Pearson Terrace,64
Zooxo Bis,Basic Industries,fmeenehan1s@xinhuanet.com,621-623-1567,Fidelia Meenehan,Egypt,Ashmūn,957 Moland Trail,65
Kazio,Capital Goods,ldunkerton1t@cornell.edu,192-365-2825,Lowell Dunkerton,China,Yaojiaji,50 Coolidge Park,66
Gigashots,Capital Goods,bpicopp1u@wsj.com,136-187-6167,Berti Picopp,Indonesia,Pandian,290 Novick Street,67
Ntags,Energy,sbaistow1v@va.gov,737-830-1422,Stavros Baistow,Indonesia,Paloh,883 Westport Alley,68
Browseblab Bis,Capital Goods,modde1w@archive.org,381-645-6762,Mabel Odde,Macedonia,Struga,8 Morning Drive,69
Kwinu,Finance,roloshin1x@youtube.com,601-984-8931,Rodrick Oloshin,Albania,Sarandë,0 Summer Ridge Trail,70
Kaymbo,Basic Industries,gplews1y@squidoo.com,503-736-9961,Gilly Plews,Indonesia,Tarikolot,77644 Warbler Avenue,71
Feedmix,Technology,cdresse1z@mediafire.com,363-179-0177,Codi Dresse,China,Jiazhuang,235 Garrison Way,72
Topdrive,Finance,rschiesterl20@mayoclinic.com,647-406-5270,Rory Schiesterl,China,Shuangtang,846 Kensington Court,73
Yoveo,Basic Industries,kgoble21@pagesperso-orange.fr,686-347-3644,Kordula Goble,Russia,Ust’-Uda,55 Briar Crest Terrace,74
Layo Bis,n/a,blamburne22@liveinternet.ru,815-711-5238,Bordie Lamburne,China,Suqin Huimin,334 Clarendon Park,75
Trudoo,Technology,dwinger23@mapquest.com,816-959-3865,Domingo Winger,Albania,Shupenzë,9 Sugar Road,76
Wordtune Bis,Technology,sprettejohns24@hatena.ne.jp,117-414-7085,Sanson Prettejohns,Indonesia,Langkap,4 Eggendart Parkway,77
Babbleopia,n/a,kdenisovich25@creativecommons.org,828-190-2058,Klarrisa Denisovich,China,Qitao,70828 Pine View Lane,78
Youspan,Health Care,rgrimsdyke26@creativecommons.org,138-674-6548,Roderich Grimsdyke,Russia,Otradnoye,47 Vahlen Point,79
Yakitri,Basic Industries,gsetford27@stumbleupon.com,544-461-2681,Grange Setford,Greece,Stýpsi,2724 Farwell Trail,80
Trupe,Technology,dlissimore28@cbslocal.com,817-430-5207,Davey Lissimore,Greece,Chrysoúpolis,85913 Hagan Point,81
Devpulse,Transportation,ecorradino29@ed.gov,436-332-3961,Emmanuel Corradino,Honduras,Salamá,67 Moland Alley,82
Topicstorm,Consumer Services,apeterson2a@storify.com,209-468-4599,Aryn Peterson,Indonesia,Cineumbeuy,067 Surrey Plaza,83
Skiptube,Consumer Services,phainge2b@hatena.ne.jp,568-756-5784,Philippe Hainge,Poland,Paprotnia,23 Comanche Pass,84
Twitterlist,Basic Industries,hianetti2c@boston.com,712-444-7386,Hoebart Ianetti,United States,Sioux City,77 Marquette Circle,85
Twiyo,Finance,naldrich2d@craigslist.org,806-985-0973,Nevsa Aldrich,Yemen,Raşad,77 Longview Parkway,86
Zoonder,Health Care,rglendzer2e@kickstarter.com,987-796-3107,Rhys Glendzer,Serbia,Savski Venac,10142 Forest Run Street,87
Dazzlesphere,Finance,emuncaster2f@networkadvertising.org,279-887-6334,Ezequiel Muncaster,Latvia,Stalbe,57 Waubesa Road,88
Einti,Public Utilities,bcruikshank2g@nyu.edu,645-842-6259,Bobine Cruikshank,Brazil,Barreiras,0427 Moland Crossing,89
Katz Bis,n/a,kmcgaughay2h@shutterfly.com,608-161-0145,Kylila McGaughay,China,Beiwucha,62 Eastlawn Hill,90
Yombu,Health Care,pbrantzen2i@unesco.org,230-690-9646,Patric Brantzen,Portugal,Anadia,119 Summit Park,91
Yotz Bis,Health Care,dlawson2j@github.com,263-785-0343,Diahann Lawson,Denmark,København,4 Dakota Court,92
Skynoodle,n/a,ktiery2k@home.pl,207-916-2862,Kylila Tiery,France,Pau,38 Graedel Terrace,93
Jabberbean,n/a,dmennell2l@surveymonkey.com,405-872-1022,Duke Mennell,Philippines,Causip,69 Anthes Alley,94
Twinte,Transportation,alackie2m@kickstarter.com,646-614-8216,Alasdair Lackie,Portugal,Foz do Arelho,56138 Bay Lane,95
Flashspan,n/a,bleward2n@unblog.fr,964-898-7086,Brandon Leward,China,Shuangkou,9127 Dexter Terrace,96
Bubblebox,Finance,rproby2o@washingtonpost.com,353-382-7148,Raquela Proby,Japan,Tomioka,2 Ryan Lane,97
Realbuzz,Health Care,jkoppens2p@histats.com,964-820-8475,Joyous Koppens,Colombia,Chinchiná,3 Autumn Leaf Lane,98
Twitterlist Bis,Technology,jflacknell2q@ted.com,115-781-4330,Jeddy Flacknell,Russia,Krasnyy Profintern,46724 Riverside Circle,99
Feednation,Consumer Services,rmarkson2r@nyu.edu,556-103-2025,Raynell Markson,Canada,Notre-Dame-des-Prairies,24 Moland Circle,100
